Old Office Key,New Office Key
3yd-CPMLPA-73,3yd-TRENDPA-C21HLM
3yd-CPMLPA-75,3yd-TRENDPA-C21PI
3yd-CPMLPA-91,3yd-TRENDPA-CENT
3yd-CPMLPA-57,3yd-TRENDPA-BRODIS
3yd-CPMLPA-71,3yd-TRENDPA-C21CON
3yd-CPMLPA-60,3yd-TRENDPA-BROWN
3yd-CPMLPA-97,3yd-TRENDPA-CITY
3yd-CPMLPA-79,3yd-TRENDPA-WALAK
3yd-CPMLPA-86,3yd-TRENDPA-PRUD2
3yd-CPMLPA-135,3yd-TRENDPA-HOWARD1
3yd-CPMLPA-187,3yd-TRENDPA-GAUG10
3yd-CPMLPA-137,3yd-TRENDPA-DIEHL
3yd-CPMLPA-168,3yd-TRENDPA-FINE
3yd-CPMLPA-129,3yd-TRENDPA-DANGEL
3yd-CPMLPA-177,3yd-TRENDPA-FRIED
3yd-CPMLPA-144,3yd-TRENDPA-EBY
3yd-CPMLPA-202,3yd-TRENDPA-GIBNY
3yd-CPMLPA-152,3yd-TRENDPA-EQUITY
3yd-CPMLPA-267,3yd-TRENDPA-MCCART
3yd-CPMLPA-295,3yd-TRENDPA-NONMEM
3yd-CPMLPA-334,3yd-TRENDPA-REDCO
3yd-CPMLPA-248,3yd-TRENDPA-KEYS
3yd-CPMLPA-258,3yd-TRENDPA-LIVNG
3yd-CPMLPA-349,3yd-TRENDPA-RMHERS
3yd-CPMLPA-337,3yd-TRENDPA-REEX
3yd-CPMLPA-355,3yd-TRENDPA-RMREPR
3yd-CPMLPA-367,3yd-TRENDPA-SAIL
3yd-CPMLPA-387,3yd-TRENDPA-STURB
3yd-CPMLPA-411,3yd-TRENDPA-WALKR
3yd-CPMLPA-460,3yd-TRENDPA-BHGRE
3yd-CPMLPA-394,3yd-TRENDPA-FSBOPLUS
3yd-CPMLPA-398,3yd-TRENDPA-THOMP
3yd-CPMLPA-467,3yd-TRENDPA-RMRSEL
3yd-CPMLPA-401,3yd-TRENDPA-TRIPLE
3yd-CPMLPA-402,3yd-TRENDPA-TROUP
3yd-CPMLPA-473,3yd-TRENDPA-STRAUB
3yd-CPMLPA-417,3yd-TRENDPA-WOLFE
3yd-CPMLPA-1365,3yd-TRENDPA-TAMANINI
3yd-CPMLPA-437,3yd-TRENDPA-OMNI
3yd-CPMLPA-1399,3yd-TRENDPA-RMDELTA
3yd-CPMLPA-1400,3yd-TRENDPA-LENKER
3yd-CPMLPA-441,3yd-TRENDPA-HOOKE
3yd-CPMLPA-1403,3yd-TRENDPA-RM1STAD
3yd-CPMLPA-1432,3yd-TRENDPA-DPS
3yd-CPMLPA-1433,3yd-TRENDPA-CBHERS
3yd-CPMLPA-1474,3yd-TRENDPA-KRULAC
3yd-CPMLPA-1438,3yd-TRENDPA-KYSTBRK
3yd-CPMLPA-1479,3yd-TRENDPA-CAVALRY
3yd-CPMLPA-1448,3yd-TRENDPA-INFINITY
3yd-CPMLPA-1485,3yd-TRENDPA-FSBOHERS
3yd-CPMLPA-1586,3yd-TRENDPA-DANIELS
3yd-CPMLPA-1512,3yd-TRENDPA-SMART
3yd-CPMLPA-1603,3yd-TRENDPA-REDHOT
3yd-CPMLPA-1587,3yd-TRENDPA-CITYLGHT
3yd-CPMLPA-1687,3yd-TRENDPA-BLUEMTN
3yd-CPMLPA-1688,3yd-TRENDPA-BROKER2
3yd-CPMLPA-1642,3yd-TRENDPA-VIP
3yd-CPMLPA-1621,3yd-TRENDPA-CENTPAPM
3yd-CPMLPA-1690,3yd-TRENDPA-SELREALTY
3yd-CPMLPA-1622,3yd-TRENDPA-COON
3yd-CPMLPA-1644,3yd-TRENDPA-DANIELS2
3yd-CPMLPA-1729,3yd-TRENDPA-WILLIAMS
3yd-CPMLPA-1628,3yd-TRENDPA-HBGGRP
3yd-CPMLPA-1691,3yd-TRENDPA-PATEL
3yd-CPMLPA-1740,3yd-TRENDPA-ENVOLVE
3yd-CPMLPA-1694,3yd-TRENDPA-C21ABET2
3yd-CPMLPA-1665,3yd-TRENDPA-TRUE
3yd-CPMLPA-1744,3yd-TRENDPA-TURN
3yd-CPMLPA-1703,3yd-TRENDPA-RMPINN
3yd-CPMLPA-1753,3yd-TRENDPA-CAVALY6
3yd-CPMLPA-1678,3yd-TRENDPA-CARLST
3yd-CPMLPA-1757,3yd-TRENDPA-NEXT
3yd-CPMLPA-1679,3yd-TRENDPA-MIDATRG
3yd-CPMLPA-1783,3yd-TRENDPA-PATEL2
3yd-CPMLPA-1720,3yd-TRENDPA-RIGHT
3yd-CPMLPA-217,3yd-TRENDPA-HECKMN
3yd-CPMLPA-243,3yd-TRENDPA-JONES
3yd-CPMLPA-99,3yd-TRENDPA-CLAUS
3yd-CPMLPA-246,3yd-TRENDPA-KENNED
3yd-CPMLPA-175,3yd-TRENDPA-FREEMN
3yd-CPMLPA-343,3yd-TRENDPA-REVALU
3yd-CPMLPA-372,3yd-TRENDPA-SHULL
3yd-CPMLPA-1454,3yd-TRENDPA-FAIRWAY
3yd-CPMLPA-1470,3yd-TRENDPA-GARNER
3yd-CPMLPA-1515,3yd-TRENDPA-YOUNG
3yd-CPMLPA-1595,3yd-TRENDPA-REITE
3yd-CPMLPA-1506,3yd-TRENDPA-JRPAPP
3yd-CPMLPA-1629,3yd-TRENDPA-BASSETT
3yd-CPMLPA-1599,3yd-TRENDPA-LANDREA
3yd-CPMLPA-1521,3yd-TRENDPA-SHOCK
3yd-CPMLPA-1600,3yd-TRENDPA-JBAPPR
3yd-CPMLPA-1535,3yd-TRENDPA-STOFFER
3yd-CPMLPA-1614,3yd-TRENDPA-BPAPPR
3yd-CPMLPA-1616,3yd-TRENDPA-TIDEWATER
3yd-CPMLPA-1661,3yd-TRENDPA-ATHENS
3yd-CPMLPA-1569,3yd-TRENDPA-PRMAPS
3yd-CPMLPA-1668,3yd-TRENDPA-BURKAPP
3yd-CPMLPA-1692,3yd-TRENDPA-WELLSFAR
3yd-CPMLPA-1719,3yd-TRENDPA-ACCUFAST
3yd-CPMLPA-1733,3yd-TRENDPA-MARZARI
3yd-CPMLPA-1652,3yd-TRENDPA-MAYKO
3yd-CPMLPA-1759,3yd-TRENDPA-ACVAL
3yd-CPMLPA-1762,3yd-TRENDPA-BB&T
3yd-CPMLPA-495,3yd-TRENDPA-PENN
3yd-CPMLPA-502,3yd-TRENDPA-BROWN2
3yd-CPMLPA-332,3yd-TRENDPA-PRUDLEB
3yd-CPMLPA-1172,3yd-TRENDPA-TCLANC
3yd-CPMLPA-1355,3yd-TRENDPA-KIMBER
3yd-CPMLPA-1394,3yd-TRENDPA-PRUDLNC
3yd-CPMLPA-1415,3yd-TRENDPA-PRUDBM
3yd-CPMLPA-1476,3yd-TRENDPA-CHARLES
3yd-CPMLPA-1514,3yd-TRENDPA-BEILER
3yd-CPMLPA-1407,3yd-TRENDPA-MLLRRE
3yd-CPMLPA-1495,3yd-TRENDPA-TRAD
3yd-CPMLPA-1500,3yd-TRENDPA-JA/LEX
3yd-CPMLPA-1537,3yd-TRENDPA-NVR
3yd-CPMLPA-1538,3yd-TRENDPA-SUSQUE
3yd-CPMLPA-1656,3yd-TRENDPA-LIFE
3yd-CPMLPA-1639,3yd-TRENDPA-RMASSOC2
3yd-CPMLPA-1702,3yd-TRENDPA-SELLYHS
3yd-CPMLPA-1640,3yd-TRENDPA-CORELLC
3yd-CPMLPA-1666,3yd-TRENDPA-GAUG15
3yd-CPMLPA-1712,3yd-TRENDPA-HMSEARCH
3yd-CPMLPA-1713,3yd-TRENDPA-KLRE
3yd-CPMLPA-1784,3yd-TRENDPA-HEROES
3yd-CPMLPA-1760,3yd-TRENDPA-REALTYKA
3yd-CPMLPA-1725,3yd-TRENDPA-BERING
3yd-CPMLPA-1767,3yd-TRENDPA-SHEPHERD
3yd-CPMLPA-1755,3yd-TRENDPA-ASSIST2
3yd-CPMLPA-1781,3yd-TRENDPA-KWDOYLES
3yd-CPMLPA-319,3yd-TRENDPA-PPEST
3yd-CPMLPA-435,3yd-TRENDPA-APPSOL
3yd-CPMLPA-104,3yd-TRENDPA-PRUDETWNBR2
3yd-CPMLPA-1,3yd-TRENDPA-FNISBR2
3yd-CPMLPA-340,3yd-TRENDPA-REGIONBR2
3yd-CPMLPA-195,3yd-TRENDPA-GAUG4BR2
3yd-CPMLPA-122,3yd-TRENDPA-CPMLBR2
3yd-CPMLPA-203,3yd-TRENDPA-HOWARD6BR2
3yd-CPMLPA-136,3yd-TRENDPA-HOWARD2BR2
3yd-CPMLPA-207,3yd-TRENDPA-GREENBR2
3yd-CPMLPA-354,3yd-TRENDPA-RMREALBR2
3yd-CPMLPA-189,3yd-TRENDPA-GAUG12BR2
3yd-CPMLPA-379,3yd-TRENDPA-SPENCEBR2
3yd-CPMLPA-383,3yd-TRENDPA-STERLBR2
3yd-CPMLPA-269,3yd-TRENDPA-MDMSBR2
3yd-CPMLPA-194,3yd-TRENDPA-GAUG3BR2
3yd-CPMLPA-476,3yd-TRENDPA-WEICHERTBR2
3yd-CPMLPA-48,3yd-TRENDPA-HOWARD7BR2
3yd-CPMLPA-294,3yd-TRENDPA-NOBLEBR2
3yd-CPMLPA-61,3yd-TRENDPA-BUILDBR2
3yd-CPMLPA-76,3yd-TRENDPA-SNYDERBR2
3yd-CPMLPA-85,3yd-TRENDPA-PRUD1BR2
3yd-CPMLPA-227,3yd-TRENDPA-HOMEBR2
3yd-CPMLPA-1361,3yd-TRENDPA-HELPDETBR2
3yd-CPMLPA-87,3yd-TRENDPA-PRUD3BR2
3yd-CPMLPA-235,3yd-TRENDPA-HOWERBR2
3yd-CPMLPA-88,3yd-TRENDPA-PRUD4BR2
3yd-CPMLPA-1375,3yd-TRENDPA-SAREALTYBR2
3yd-CPMLPA-240,3yd-TRENDPA-JCTBR2
3yd-CPMLPA-66,3yd-TRENDPA-C21ABETBR2
3yd-CPMLPA-1465,3yd-TRENDPA-ALPHABR2
3yd-CPMLPA-329,3yd-TRENDPA-REALTYBR2
3yd-CPMLPA-1531,3yd-TRENDPA-APEXBR2
3yd-CPMLPA-1405,3yd-TRENDPA-KELLERBR2
3yd-CPMLPA-361,3yd-TRENDPA-RSRBR2
3yd-CPMLPA-406,3yd-TRENDPA-UNIONBR2
3yd-CPMLPA-1413,3yd-TRENDPA-C21G&BBR2
3yd-CPMLPA-1624,3yd-TRENDPA-GAUHOMEBR2
3yd-CPMLPA-433,3yd-TRENDPA-DUGANBR2
3yd-CPMLPA-1416,3yd-TRENDPA-HOWARD5BR2
3yd-CPMLPA-1418,3yd-TRENDPA-LAWYERSBR2
3yd-CPMLPA-1684,3yd-TRENDPA-HOMEBUYIIBR2
3yd-CPMLPA-1478,3yd-TRENDPA-HERITAGEBR2
3yd-CPMLPA-1609,3yd-TRENDPA-CBHER3BR2
3yd-CPMLPA-1708,3yd-TRENDPA-INTREALBR2
3yd-CPMLPA-109,3yd-TRENDPA-COLESTBR2
3yd-CPMLPA-1547,3yd-TRENDPA-KWEASTBR2
3yd-CPMLPA-1615,3yd-TRENDPA-PETERSBR2
3yd-CPMLPA-1566,3yd-TRENDPA-REDBELLBR2
3yd-CPMLPA-1741,3yd-TRENDPA-EXPREALBR2
3yd-CPMLPA-133,3yd-TRENDPA-DEPTRABR2
3yd-CPMLPA-1765,3yd-TRENDPA-NISHBR2
3yd-CPMLPA-1643,3yd-TRENDPA-TEAMPETEBR2
3yd-CPMLPA-1774,3yd-TRENDPA-INHOUSEBR2
3yd-CPMLPA-1387,3yd-TRENDPA-HULSTINEBR2
3yd-CPMLPA-1685,3yd-TRENDPA-HBGPMGBR2
3yd-CPMLPA-138,3yd-TRENDPA-DIVERSBR2
3yd-CPMLPA-1782,3yd-TRENDPA-IRONVALLEYBR2
3yd-CPMLPA-242,3yd-TRENDPA-JOHNSNBR2
3yd-CPMLPA-1453,3yd-TRENDPA-POTTSBR2
3yd-CPMLPA-1548,3yd-TRENDPA-ARCHAPPBR2
3yd-CPMLPA-298,3yd-TRENDPA-NORTHBR2
3yd-CPMLPA-316,3yd-TRENDPA-PIROBR2
3yd-CPMLPA-1601,3yd-TRENDPA-GARDINERBR2
3yd-CPMLPA-251,3yd-TRENDPA-KOPPENBR2
3yd-CPMLPA-54,3yd-TRENDPA-BREENBR2
3yd-CPMLPA-419,3yd-TRENDPA-WOOFBR2
3yd-CPMLPA-1654,3yd-TRENDPA-PROFIRSTBR2
3yd-CPMLPA-399,3yd-TRENDPA-TOMECKBR2
3yd-CPMLPA-404,3yd-TRENDPA-TYEBYBR2
3yd-CPMLPA-1081,3yd-TRENDPA-PRUYOST2BR2
3yd-CPMLPA-1127,3yd-TRENDPA-GATEWABR2
3yd-CPMLPA-415,3yd-TRENDPA-WENZLRBR2
3yd-CPMLPA-1264,3yd-TRENDPA-PRUYOSTBR2
3yd-CPMLPA-1266,3yd-TRENDPA-PRUYOST6BR2
3yd-CPMLPA-1554,3yd-TRENDPA-CIAPPBR2
3yd-CPMLPA-1181,3yd-TRENDPA-GAUGHN03BR2
3yd-CPMLPA-1183,3yd-TRENDPA-PRUYOST5BR2
3yd-CPMLPA-1287,3yd-TRENDPA-PRUYOST7BR2
3yd-CPMLPA-1689,3yd-TRENDPA-GIURINAPBR2
3yd-CPMLPA-1188,3yd-TRENDPA-GAUGHN05BR2
3yd-CPMLPA-1699,3yd-TRENDPA-FREEDOMBR2
3yd-CPMLPA-1752,3yd-TRENDPA-AGCHOICEBR2
3yd-CPMLPA-436,3yd-TRENDPA-KLINEBR2
3yd-CPMLPA-1467,3yd-TRENDPA-CAVLRYBR2
3yd-CPMLPA-1242,3yd-TRENDPA-PRUYOST8BR2
3yd-CPMLPA-1376,3yd-TRENDPA-URBANBR2
3yd-CPMLPA-1662,3yd-TRENDPA-PRUYOST1BR2
3yd-CPMLPA-1686,3yd-TRENDPA-CITYSTRMBR2
3yd-CPMLPA-1711,3yd-TRENDPA-TRICORNERBR2
3yd-CPMLPA-1726,3yd-TRENDPA-ESTATELYBR2
3yd-CPMLPA-1153,3yd-TRENDPA-MINICIBR2
3yd-CPMLPA-1786,3yd-TRENDPA-AXL
3yd-CPMLPA-1553,3yd-TRENDPA-HAS
3yd-CPMLPA-1762,3yd-TRENDPA-BB&T
3yd-CPMLPA-1721,3yd-TRENDPA-MAGNOLIA
3yd-CPMLPA-1413,3yd-TRENDPA-C21G&BBR2
3yd-LCARPA-20060601015129008669000000,3yd-TRENDPA-4027
3yd-LCARPA-20101230211955141892000000,3yd-TRENDPA-3071
3yd-LCARPA-20080430181547513127000000,3yd-TRENDPA-2999
3yd-LCARPA-20050305085424084085000000,3yd-TRENDPA-1361
3yd-LCARPA-20050305085424310399000000,3yd-TRENDPA-4017
3yd-LCARPA-20051110071505154058000000,3yd-TRENDPA-1416
3yd-LCARPA-20090416183917425879000000,3yd-TRENDPA-96
3yd-LCARPA-20130911192627789325000000,3yd-TRENDPA-3077
3yd-LCARPA-20130916175347356015000000,3yd-TRENDPA-3078
3yd-LCARPA-20140827204001626612000000,3yd-TRENDPA-107945
3yd-LCARPA-20150527180855355450000000,3yd-TRENDPA-8156
3yd-LCARPA-20150702135834752260000000,3yd-TRENDPA-8157
3yd-LCARPA-20150806174002160101000000,3yd-TRENDPA-107985
3yd-LCARPA-20150924183018911439000000,3yd-TRENDPA-8161
3yd-LCARPA-20050305085424027836000000,3yd-TRENDPA-1332
3yd-LCARPA-20081113171257729656000000,3yd-TRENDPA-4042
3yd-LCARPA-20091009154116796557000000,3yd-TRENDPA-8104
3yd-LCARPA-20050305085423623201000000,3yd-TRENDPA-1086
3yd-LCARPA-20050305085424179436000000,3yd-TRENDPA-0028
3yd-LCARPA-20140610180451756468000000,3yd-TRENDPA-115
3yd-LCARPA-20150303164002668911000000,3yd-TRENDPA-107967
3yd-LCARPA-20151215183214657176000000,3yd-TRENDPA-8164
3yd-LCARPA-20160120152002054881000000,3yd-TRENDPA-107999
3yd-LCARPA-20050305085424319729000000,3yd-TRENDPA-0005
3yd-LCARPA-20070702134741333536000000,3yd-TRENDPA-3048
3yd-LCARPA-20150728144001938124000000,3yd-TRENDPA-123
3yd-LCARPA-20160316190722746999000000,3yd-TRENDPA-450
3yd-LCARPA-20160309153000030099000000,3yd-TRENDPA-108009
3yd-LCARPA-20160427175800089796000000,3yd-TRENDPA-5037
3yd-LCARPA-20050305085424002965000000,3yd-TRENDPA-1320
3yd-LCARPA-20070206142108573817000000,3yd-TRENDPA-1451
3yd-LCARPA-20160620133524336090000000,3yd-TRENDPA-108018
3yd-LCARPA-20050305085423761982000000,3yd-TRENDPA-1157
3yd-LCARPA-20061204164841732197000000,3yd-TRENDPA-3042
3yd-LCARPA-20160113165937052849000000,3yd-TRENDPA-107997
3yd-LCARPA-20160125143734451061000000,3yd-TRENDPA-108000
3yd-LCARPA-20050305085423893340000000,3yd-TRENDPA-1240
3yd-LCARPA-20050305085423996751000000,3yd-TRENDPA-1317
3yd-LCARPA-20130410061504272269000000,3yd-TRENDPA-1662
3yd-LCARPA-20141212161001785093000000,3yd-TRENDPA-107959
3yd-LCARPA-20160822145253526019000000,3yd-TRENDPA-8166
3yd-LCARPA-20050305085423834191000000,3yd-TRENDPA-1208
3yd-LCARPA-20050305085423843628000000,3yd-TRENDPA-1211
3yd-LCARPA-20050305085424481289000000,3yd-TRENDPA-0076
3yd-LCARPA-20150729204001836601000000,3yd-TRENDPA-107984
3yd-LCARPA-20050305085423739936000000,3yd-TRENDPA-1149
3yd-LCARPA-20050305085423818319000000,3yd-TRENDPA-1200
3yd-LCARPA-20050305085423990287000000,3yd-TRENDPA-1309
3yd-LCARPA-20150513203028259648000000,3yd-TRENDPA-5035
3yd-LCARPA-20161206181811266296000000,3yd-TRENDPA-108035
3yd-LCARPA-20050305085424136612000000,3yd-TRENDPA-1384
3yd-LCARPA-20050305085424194896000000,3yd-TRENDPA-3003
3yd-LCARPA-20050305085424456895000000,3yd-TRENDPA-0007
3yd-LCARPA-20111109144712991783000000,3yd-TRENDPA-1619
3yd-LCARPA-20170105193104565132000000,3yd-TRENDPA-8168
3yd-LCARPA-20100302201207857097000000,3yd-TRENDPA-1600
3yd-LCARPA-20050305085423874779000000,3yd-TRENDPA-1230
3yd-LCARPA-20050305085424161109000000,3yd-TRENDPA-0017
3yd-LCARPA-20070713141756167965000000,3yd-TRENDPA-1467
3yd-LCARPA-20101123205551193451000000,3yd-TRENDPA-5024
3yd-LCARPA-20140527154002520923000000,3yd-TRENDPA-107935
3yd-LCARPA-20141202224002244327000000,3yd-TRENDPA-107955
3yd-LCARPA-20170213213842527706000000,3yd-TRENDPA-ACCT-108042
3yd-LCARPA-20050305085423899901000000,3yd-TRENDPA-1242
3yd-LCARPA-20050701175903148889000000,3yd-TRENDPA-3026
3yd-LCARPA-20060831061508704250000000,3yd-TRENDPA-1434
3yd-LCARPA-20071219071454772546000000,3yd-TRENDPA-1497
3yd-LCARPA-20150818193129090861000000,3yd-TRENDPA-120
3yd-LCARPA-20170227200030974677000000,3yd-TRENDPA-ACCT-108043
3yd-LCARPA-20170331143538836869000000,3yd-TRENDPA-3095
3yd-LCARPA-20050305085423927763000000,3yd-TRENDPA-1262
3yd-LCARPA-20120113220835280375000000,3yd-TRENDPA-3074
3yd-LCARPA-20170502151951399452000000,3yd-TRENDPA-5051
3yd-LCARPA-20050305085423595419000000,3yd-TRENDPA-1047
3yd-LCARPA-20110131155558651974000000,3yd-TRENDPA-8118
3yd-LCARPA-20050305085423573491000000,3yd-TRENDPA-100
3yd-LCARPA-20050305085423579716000000,3yd-TRENDPA-1006
3yd-LCARPA-20050305085423610928000000,3yd-TRENDPA-1073
3yd-LCARPA-20050305085423666654000000,3yd-TRENDPA-1109
3yd-LCARPA-20050305085423607872000000,3yd-TRENDPA-1072
3yd-LCARPA-20050305085423613988000000,3yd-TRENDPA-1075
3yd-LCARPA-20050305085423626513000000,3yd-TRENDPA-1088
3yd-LCARPA-20050305085423650174000000,3yd-TRENDPA-1097
3yd-LCARPA-20050305085423653536000000,3yd-TRENDPA-1098
3yd-LCARPA-20050305085423660314000000,3yd-TRENDPA-1106
3yd-LCARPA-20050305085423656698000000,3yd-TRENDPA-0011
3yd-LCARPA-20050305085423669812000000,3yd-TRENDPA-1110
3yd-LCARPA-20050305085423679429000000,3yd-TRENDPA-1114
3yd-LCARPA-20050305085423698692000000,3yd-TRENDPA-1128
3yd-LCARPA-20050305085423701899000000,3yd-TRENDPA-1129
3yd-LCARPA-20050305085423717821000000,3yd-TRENDPA-1135
3yd-LCARPA-20050305085423724005000000,3yd-TRENDPA-1139
3yd-LCARPA-20050305085423730551000000,3yd-TRENDPA-1141
3yd-LCARPA-20050305085423749338000000,3yd-TRENDPA-1152
3yd-LCARPA-20050305085423736835000000,3yd-TRENDPA-1148
3yd-LCARPA-20050305085423752431000000,3yd-TRENDPA-1153
3yd-LCARPA-20050305085423771370000000,3yd-TRENDPA-1161
3yd-LCARPA-20050305085423774411000000,3yd-TRENDPA-1164
3yd-LCARPA-20050305085423777537000000,3yd-TRENDPA-1165
3yd-LCARPA-20050305085423765074000000,3yd-TRENDPA-1158
3yd-LCARPA-20050305085423799685000000,3yd-TRENDPA-1193
3yd-LCARPA-20050305085423802764000000,3yd-TRENDPA-1194
3yd-LCARPA-20050305085423812094000000,3yd-TRENDPA-1198
3yd-LCARPA-20050305085423824634000000,3yd-TRENDPA-1202
3yd-LCARPA-20050305085423831094000000,3yd-TRENDPA-1205
3yd-LCARPA-20050305085423837332000000,3yd-TRENDPA-1209
3yd-LCARPA-20050305085423840489000000,3yd-TRENDPA-1210
3yd-LCARPA-20050305085423884058000000,3yd-TRENDPA-1236
3yd-LCARPA-20050305085423887165000000,3yd-TRENDPA-1237
3yd-LCARPA-20050305085423906038000000,3yd-TRENDPA-1244
3yd-LCARPA-20050305085423849757000000,3yd-TRENDPA-1216
3yd-LCARPA-20050305085423852905000000,3yd-TRENDPA-1217
3yd-LCARPA-20050305085423859135000000,3yd-TRENDPA-1219
3yd-LCARPA-20050305085423865462000000,3yd-TRENDPA-1225
3yd-LCARPA-20050305085423912297000000,3yd-TRENDPA-1246
3yd-LCARPA-20050305085423856012000000,3yd-TRENDPA-1218
3yd-LCARPA-20050305085423862384000000,3yd-TRENDPA-1224
3yd-LCARPA-20050305085423915401000000,3yd-TRENDPA-1255
3yd-LCARPA-20050305085423949705000000,3yd-TRENDPA-1278
3yd-LCARPA-20050305085424006114000000,3yd-TRENDPA-1323
3yd-LCARPA-20050305085424018570000000,3yd-TRENDPA-1328
3yd-LCARPA-20050305085423946612000000,3yd-TRENDPA-1277
3yd-LCARPA-20050305085424037430000000,3yd-TRENDPA-1339
3yd-LCARPA-20050305085424049878000000,3yd-TRENDPA-1348
3yd-LCARPA-20050305085424046732000000,3yd-TRENDPA-1347
3yd-LCARPA-20050305085424074835000000,3yd-TRENDPA-1358
3yd-LCARPA-20050305085424077918000000,3yd-TRENDPA-1359
3yd-LCARPA-20050305085424081014000000,3yd-TRENDPA-1360
3yd-LCARPA-20050305085424052994000000,3yd-TRENDPA-1350
3yd-LCARPA-20050305085424056112000000,3yd-TRENDPA-1351
3yd-LCARPA-20050305085424142658000000,3yd-TRENDPA-1386
3yd-LCARPA-20050305085424133584000000,3yd-TRENDPA-1383
3yd-LCARPA-20050305085424228258000000,3yd-TRENDPA-3016
3yd-LCARPA-20120817141155935097000000,3yd-TRENDPA-8131
3yd-LCARPA-20050305085424292256000000,3yd-TRENDPA-4011
3yd-LCARPA-20050305085424130292000000,3yd-TRENDPA-1382
3yd-LCARPA-20050305085424472254000000,3yd-TRENDPA-0073
3yd-LCARPA-20050919132131198658000000,3yd-TRENDPA-8033
3yd-LCARPA-20060406061510410374000000,3yd-TRENDPA-1427
3yd-LCARPA-20050528061505031370000000,3yd-TRENDPA-1408
3yd-LCARPA-20060802152007328062000000,3yd-TRENDPA-3037
3yd-LCARPA-20060802191411959250000000,3yd-TRENDPA-1432
3yd-LCARPA-20060719114431897273000000,3yd-TRENDPA-1431
3yd-LCARPA-20061213071506843770000000,3yd-TRENDPA-1442
3yd-LCARPA-20060905171806886545000000,3yd-TRENDPA-3039
3yd-LCARPA-20061101212451434970000000,3yd-TRENDPA-4029
3yd-LCARPA-20070103071503548095000000,3yd-TRENDPA-1444
3yd-LCARPA-20070619184028663122000000,3yd-TRENDPA-1463
3yd-LCARPA-20070803143703609351000000,3yd-TRENDPA-8071
3yd-LCARPA-20080325181618328433000000,3yd-TRENDPA-0092
3yd-LCARPA-20120109152034028520000000,3yd-TRENDPA-1999
3yd-LCARPA-20080903061451109832000000,3yd-TRENDPA-1517
3yd-LCARPA-20071219071455728360000000,3yd-TRENDPA-1496
3yd-LCARPA-20080814162732833331000000,3yd-TRENDPA-8088
3yd-LCARPA-20081227030317987435000000,3yd-TRENDPA-1526
3yd-LCARPA-20081230160641070729000000,3yd-TRENDPA-94
3yd-LCARPA-20090119071451275310000000,3yd-TRENDPA-1527
3yd-LCARPA-20080927061451261720000000,3yd-TRENDPA-1519
3yd-LCARPA-20090902144726475983000000,3yd-TRENDPA-4044
3yd-LCARPA-20101001155107027037000000,3yd-TRENDPA-101
3yd-LCARPA-20110604061505200074000000,3yd-TRENDPA-1605
3yd-LCARPA-20100714153652557015000000,3yd-TRENDPA-8115
3yd-LCARPA-20101108155834539554000000,3yd-TRENDPA-1587
3yd-LCARPA-20110504203345728886000000,3yd-TRENDPA-4051
3yd-LCARPA-20101020061506553684000000,3yd-TRENDPA-1586
3yd-LCARPA-20110107164254352338000000,3yd-TRENDPA-4050
3yd-LCARPA-20100414161900767134000000,3yd-TRENDPA-3068
3yd-LCARPA-20110604061504059629000000,3yd-TRENDPA-1606
3yd-LCARPA-20110802191130799979000000,3yd-TRENDPA-5027
3yd-LCARPA-20090406161657372544000000,3yd-TRENDPA-3061
3yd-LCARPA-20091009154703507548000000,3yd-TRENDPA-97
3yd-LCARPA-20100405202336962744000000,3yd-TRENDPA-1568
3yd-LCARPA-20100709152649084498000000,3yd-TRENDPA-3070
3yd-LCARPA-20101231071505963064000000,3yd-TRENDPA-1591
3yd-LCARPA-20121019061505602166000000,3yd-TRENDPA-1646
3yd-LCARPA-20100126212921606135000000,3yd-TRENDPA-5020
3yd-LCARPA-20120712174327165131000000,3yd-TRENDPA-105
3yd-LCARPA-20130314145025959038000000,3yd-TRENDPA-4054
3yd-LCARPA-20130314195504200455000000,3yd-TRENDPA-1660
3yd-LCARPA-20130611061503962118000000,3yd-TRENDPA-1667
3yd-LCARPA-20130504061503601028000000,3yd-TRENDPA-1665
3yd-LCARPA-20131105182300444647000000,3yd-TRENDPA-5029
3yd-LCARPA-20131018193826580216000000,3yd-TRENDPA-110
3yd-LCARPA-20140114211534414165000000,3yd-TRENDPA-3081
3yd-LCARPA-20140221150026138962000000,3yd-TRENDPA-3082
3yd-LCARPA-20140513193206240419000000,3yd-TRENDPA-3083
3yd-LCARPA-20150226153027034556000000,3yd-TRENDPA-3087
3yd-LCARPA-20070402140747097959000000,3yd-TRENDPA-8063
3yd-LCARPA-20081104031604850024000000,3yd-TRENDPA-93
3yd-LCARPA-20090721061458185529000000,3yd-TRENDPA-1544
3yd-LCARPA-20160602160002006447000000,3yd-TRENDPA-108017
3yd-LCARPA-20160922212002266862000000,3yd-TRENDPA-108029
3yd-LCARPA-20170530212001867668000000,3yd-TRENDPA-108061
3yd-LCARPA-20170804172806433810000000,3yd-TRENDPA-4061
3yd-LCARPA-20050305085423688952000000,3yd-TRENDPA-1120
3yd-LCARPA-20050305085424068627000000,3yd-TRENDPA-1355
3yd-LCARPA-20050305085424289246000000,3yd-TRENDPA-4010
3yd-LCARPA-20100105213214310630000000,3yd-TRENDPA-98
3yd-LCARPA-20170504212001538947000000,3yd-TRENDPA-108058
3yd-LCARPA-20170817165110929265000000,3yd-TRENDPA-108066
3yd-LCARPA-20170821155054396245000000,3yd-TRENDPA-3096
3yd-LCARPA-20050305085424117725000000,3yd-TRENDPA-1378
3yd-LCARPA-20050305085424273877000000,3yd-TRENDPA-4004
3yd-LCARPA-20070904171809435579000000,3yd-TRENDPA-0086
3yd-LCARPA-20080202071506090180000000,3yd-TRENDPA-1501
3yd-LCARPA-20161024125727743854000000,3yd-TRENDPA-ACCT-108033
3yd-LCARPA-20170822131524282658000000,3yd-TRENDPA-127
3yd-LCARPA-20050305085423720874000000,3yd-TRENDPA-1136
3yd-LCARPA-20050305085423796534000000,3yd-TRENDPA-1192
3yd-LCARPA-20050305085423931145000000,3yd-TRENDPA-1263
3yd-LCARPA-20070206193806197738000000,3yd-TRENDPA-1450
3yd-LCARPA-20130909181109901465000000,3yd-TRENDPA-108
3yd-LCARPA-20170602152001785458000000,3yd-TRENDPA-108063
3yd-LCARPA-20050305085423685738000000,3yd-TRENDPA-1116
3yd-LCARPA-20150415211002093036000000,3yd-TRENDPA-107971
3yd-LCARPA-20140625154002136046000000,3yd-TRENDPA-107936
3yd-LCARPA-20141104224002297320000000,3yd-TRENDPA-107952
3yd-LCARPA-20150505164002422737000000,3yd-TRENDPA-107973
3yd-LCARPA-20150511182505566201000000,3yd-TRENDPA-8155
3yd-LCARPA-20150806194003143780000000,3yd-TRENDPA-107986
3yd-LCARPA-20151006204002052796000000,3yd-TRENDPA-107993
3yd-LCARPA-20160418201456058621000000,3yd-TRENDPA-3092
3yd-LCARPA-20050305085423984101000000,3yd-TRENDPA-1305
3yd-LCARPA-20050305085424170248000000,3yd-TRENDPA-0022
3yd-LCARPA-20160202144110517532000000,3yd-TRENDPA-122
3yd-LCARPA-20170322191438031037000000,3yd-TRENDPA-3094
3yd-LCARPA-20170411172001409178000000,3yd-TRENDPA-108055
3yd-LCARPA-20170503202002092106000000,3yd-TRENDPA-108057
3yd-LCARPA-20050305085423601711000000,3yd-TRENDPA-1056
3yd-LCARPA-20050305085423758667000000,3yd-TRENDPA-1155
3yd-LCARPA-20050305085424009292000000,3yd-TRENDPA-1324
3yd-LCARPA-20130105071503318049000000,3yd-TRENDPA-1654
3yd-LCARPA-20140501181600107053000000,3yd-TRENDPA-113
3yd-LCARPA-20161201184152332258000000,3yd-TRENDPA-001634
3yd-LCARPA-20170117212001795271000000,3yd-TRENDPA-108039
3yd-LCARPA-20050305085423644907000000,3yd-TRENDPA-1096
3yd-LCARPA-20050305085423727150000000,3yd-TRENDPA-1140
3yd-LCARPA-20050305085423934278000000,3yd-TRENDPA-1264
3yd-LCARPA-20050305085424108657000000,3yd-TRENDPA-1372
3yd-LCARPA-20081017061500455814000000,3yd-TRENDPA-1521
3yd-LCARPA-20110131160156037047000000,3yd-TRENDPA-8119
3yd-LCARPA-20130917164001823888000000,3yd-TRENDPA-107905
3yd-LCARPA-20170419183053775855000000,3yd-TRENDPA-125
3yd-LCARPA-20050305085423635711000000,3yd-TRENDPA-1092
3yd-LCARPA-20050305085423937321000000,3yd-TRENDPA-1265
3yd-LCARPA-20050305085423940408000000,3yd-TRENDPA-1268
3yd-LCARPA-20090619061455907251000000,3yd-TRENDPA-1540
3yd-LCARPA-20120822194915419762000000,3yd-TRENDPA-1639
3yd-LCARPA-20140820164001719142000000,3yd-TRENDPA-107944
3yd-LCARPA-20150812144409095812000000,3yd-TRENDPA-8159
3yd-RAYACPA-185,3yd-TRENDPA-ROCKCMBR3
3yd-RAYACPA-1551,3yd-TRENDPA-PRUVOW
3yd-RAYACPA-284,3yd-TRENDPA-GATEWABR3
3yd-RAYACPA-147,3yd-TRENDPA-JANKOWBR3
3yd-RAYACPA-298,3yd-TRENDPA-HOMESABR3
3yd-RAYACPA-283,3yd-TRENDPA-ASSOCI
3yd-RAYACPA-972,3yd-TRENDPA-PRUD3BR3
3yd-RAYACPA-372,3yd-TRENDPA-ALLAMERBR3
3yd-RAYACPA-469,3yd-TRENDPA-KSML05BR3
3yd-RAYACPA-976,3yd-TRENDPA-HOWARD7BR3
3yd-RAYACPA-404,3yd-TRENDPA-EHDREABR3
3yd-RAYACPA-978,3yd-TRENDPA-NOBLEBR3
3yd-RAYACPA-448,3yd-TRENDPA-KSML01BR3
3yd-RAYACPA-979,3yd-TRENDPA-PRUD4BR3
3yd-RAYACPA-452,3yd-TRENDPA-HIGHRG
3yd-RAYACPA-984,3yd-TRENDPA-PRUDETWNBR3
3yd-RAYACPA-988,3yd-TRENDPA-GAUG12BR3
3yd-RAYACPA-990,3yd-TRENDPA-GAUG3BR3
3yd-RAYACPA-991,3yd-TRENDPA-GAUG4BR3
3yd-RAYACPA-1005,3yd-TRENDPA-HOWARD2BR3
3yd-RAYACPA-1010,3yd-TRENDPA-HOWARD6BR3
3yd-RAYACPA-460,3yd-TRENDPA-KSML03BR3
3yd-RAYACPA-1027,3yd-TRENDPA-C21ABETBR3
3yd-RAYACPA-1016,3yd-TRENDPA-CBHER3BR3
3yd-RAYACPA-1050,3yd-TRENDPA-RSRBR3
3yd-RAYACPA-1019,3yd-TRENDPA-REALTYBR3
3yd-RAYACPA-1075,3yd-TRENDPA-WEICHERTBR3
3yd-RAYACPA-1037,3yd-TRENDPA-HOUSE
3yd-RAYACPA-998,3yd-TRENDPA-BROKER
3yd-RAYACPA-1038,3yd-TRENDPA-HOWERBR3
3yd-RAYACPA-1171,3yd-TRENDPA-TRND12
3yd-RAYACPA-1119,3yd-TRENDPA-HELPDETBR3
3yd-RAYACPA-1046,3yd-TRENDPA-RMPRO
3yd-RAYACPA-1206,3yd-TRENDPA-KSML25
3yd-RAYACPA-1181,3yd-TRENDPA-KELLERBR3
3yd-RAYACPA-1265,3yd-TRENDPA-ALPHABR3
3yd-RAYACPA-1333,3yd-TRENDPA-KSML37
3yd-RAYACPA-1382,3yd-TRENDPA-RYANHM
3yd-RAYACPA-1361,3yd-TRENDPA-KWEASTBR3
3yd-RAYACPA-1441,3yd-TRENDPA-SAREALTYBR3
3yd-RAYACPA-1387,3yd-TRENDPA-REDBELLBR3
3yd-RAYACPA-1508,3yd-TRENDPA-TEAMPETEBR3
3yd-RAYACPA-1512,3yd-TRENDPA-KSML52
3yd-RAYACPA-1500,3yd-TRENDPA-TODAY
3yd-RAYACPA-1514,3yd-TRENDPA-HMEBUY
3yd-RAYACPA-1591,3yd-TRENDPA-TRND52
3yd-RAYACPA-1633,3yd-TRENDPA-SELLYOURS
3yd-RAYACPA-1521,3yd-TRENDPA-PROFIRSTBR3
3yd-RAYACPA-1528,3yd-TRENDPA-SHPHRD
3yd-RAYACPA-1611,3yd-TRENDPA-TRND57
3yd-RAYACPA-1634,3yd-TRENDPA-KWELANC
3yd-RAYACPA-1636,3yd-TRENDPA-REDBVOW
3yd-RAYACPA-1647,3yd-TRENDPA-ALTAREALTY
3yd-RAYACPA-1627,3yd-TRENDPA-KSML75
3yd-RAYACPA-1650,3yd-TRENDPA-NISHBR3
3yd-RAYACPA-1630,3yd-TRENDPA-KSML66
3yd-RAYACPA-1645,3yd-TRENDPA-RLTYKA
3yd-RAYACPA-1593,3yd-TRENDPA-TRND53
3yd-RAYACPA-1228,3yd-TRENDPA-AGRAPPBR3
3yd-RAYACPA-434,3yd-TRENDPA-STONER
3yd-RAYACPA-291,3yd-TRENDPA-DUGNAPBR3
3yd-RAYACPA-447,3yd-TRENDPA-RIDGEMBR3
3yd-RAYACPA-305,3yd-TRENDPA-WSEAPRBR3
3yd-RAYACPA-499,3yd-TRENDPA-ZERANC
3yd-RAYACPA-1498,3yd-TRENDPA-HORNAPPBR3
3yd-RAYACPA-1566,3yd-TRENDPA-ALIHOM
3yd-RAYACPA-1020,3yd-TRENDPA-REALXBR3
3yd-RAYACPA-1023,3yd-TRENDPA-REGIONBR3
3yd-RAYACPA-995,3yd-TRENDPA-UNIONBR3
3yd-RAYACPA-292,3yd-TRENDPA-KOPPENBR3
3yd-RAYACPA-13,3yd-TRENDPA-REYNOLDSBR3
3yd-RAYACPA-1041,3yd-TRENDPA-JCTBR3
3yd-RAYACPA-1053,3yd-TRENDPA-MARKETBR3
3yd-RAYACPA-1064,3yd-TRENDPA-AGIBR3
3yd-RAYACPA-1082,3yd-TRENDPA-APPRLTBR3
3yd-RAYACPA-1084,3yd-TRENDPA-BREENBR3
3yd-RAYACPA-1085,3yd-TRENDPA-DAK
3yd-RAYACPA-1086,3yd-TRENDPA-DEPTRABR3
3yd-RAYACPA-1087,3yd-TRENDPA-DEZAGBR3
3yd-RAYACPA-1088,3yd-TRENDPA-DIVERSBR3
3yd-RAYACPA-1107,3yd-TRENDPA-WENZLRBR3
3yd-RAYACPA-1100,3yd-TRENDPA-JOHNSNBR3
3yd-RAYACPA-1154,3yd-TRENDPA-WOOFBR3
3yd-RAYACPA-1059,3yd-TRENDPA-SPENCEBR3
3yd-RAYACPA-1156,3yd-TRENDPA-KEBY1BR3
3yd-RAYACPA-1207,3yd-TRENDPA-HOWARD5BR3
3yd-RAYACPA-1346,3yd-TRENDPA-OTTEAU
3yd-RAYACPA-1363,3yd-TRENDPA-ARCHAPPBR3
3yd-RAYACPA-1315,3yd-TRENDPA-MEIBR3
3yd-RAYACPA-1197,3yd-TRENDPA-NORTHBR3
3yd-RAYACPA-1201,3yd-TRENDPA-A+REALTYBR3
3yd-RAYACPA-1205,3yd-TRENDPA-C21G&BBR3
3yd-RAYACPA-1469,3yd-TRENDPA-PETERSBR3
3yd-RAYACPA-1496,3yd-TRENDPA-AGI2BR3
3yd-RAYACPA-1445,3yd-TRENDPA-GARDINERBR3
3yd-RAYACPA-1484,3yd-TRENDPA-GAUHOMEBR3
3yd-RAYACPA-1542,3yd-TRENDPA-CENTURYPA
3yd-RAYACPA-1504,3yd-TRENDPA-LEHR
3yd-RAYACPA-1556,3yd-TRENDPA-HOMEBUYIIBR3
3yd-RAYACPA-1558,3yd-TRENDPA-HBGPMGBR3
3yd-RAYACPA-1562,3yd-TRENDPA-GIURINAPBR3
3yd-RAYACPA-1618,3yd-TRENDPA-STERLBR3
3yd-RAYACPA-1581,3yd-TRENDPA-FREEDOMBR3
3yd-RAYACPA-1625,3yd-TRENDPA-SERVLINKBR3
3yd-RAYACPA-1587,3yd-TRENDPA-INTREALBR3
3yd-RAYACPA-1637,3yd-TRENDPA-AGCHOICEBR3
3yd-RAYACPA-1662,3yd-TRENDPA-INHOUSEBR3
3yd-RAYACPA-1589,3yd-TRENDPA-PIROBR3
3yd-RAYACPA-1667,3yd-TRENDPA-IRONVALLEYBR3
3yd-RAYACPA-1604,3yd-TRENDPA-AGI3BR3
3yd-RAYACPA-1,3yd-TRENDPA-FNISBR3
3yd-RAYACPA-10,3yd-TRENDPA-C21HTG
3yd-RAYACPA-119,3yd-TRENDPA-BROWNABR3
3yd-RAYACPA-12,3yd-TRENDPA-BIGHAM
3yd-RAYACPA-108,3yd-TRENDPA-ASAPPRBR3
3yd-RAYACPA-27,3yd-TRENDPA-COMIND
3yd-RAYACPA-113,3yd-TRENDPA-BENWILBR3
3yd-RAYACPA-123,3yd-TRENDPA-C21DLE
3yd-RAYACPA-114,3yd-TRENDPA-BESTAP
3yd-RAYACPA-124,3yd-TRENDPA-C21DLE01
3yd-RAYACPA-3,3yd-TRENDPA-ABSOLU
3yd-RAYACPA-127,3yd-TRENDPA-PRUYOST1BR3
3yd-RAYACPA-149,3yd-TRENDPA-JWARFIBR3
3yd-RAYACPA-133,3yd-TRENDPA-COGOVTBR3
3yd-RAYACPA-139,3yd-TRENDPA-FOXRUNBR3
3yd-RAYACPA-134,3yd-TRENDPA-CWMGNT
3yd-RAYACPA-164,3yd-TRENDPA-NONBRD
3yd-RAYACPA-136,3yd-TRENDPA-ENTERP
3yd-RAYACPA-191,3yd-TRENDPA-PASCHR
3yd-RAYACPA-201,3yd-TRENDPA-SCHWAR
3yd-RAYACPA-194,3yd-TRENDPA-MSTRAPP
3yd-RAYACPA-203,3yd-TRENDPA-SIGMAC
3yd-RAYACPA-195,3yd-TRENDPA-PROFES
3yd-RAYACPA-159,3yd-TRENDPA-REMACE
3yd-RAYACPA-218,3yd-TRENDPA-ZEIGLEBR3
3yd-RAYACPA-260,3yd-TRENDPA-OLDTWN
3yd-RAYACPA-229,3yd-TRENDPA-APPLTDBR3
3yd-RAYACPA-251,3yd-TRENDPA-PREFPR
3yd-RAYACPA-230,3yd-TRENDPA-APRAIS
3yd-RAYACPA-244,3yd-TRENDPA-JMATTHBR3
3yd-RAYACPA-254,3yd-TRENDPA-GOLDENBR3
3yd-RAYACPA-263,3yd-TRENDPA-POSTREBR3
3yd-RAYACPA-246,3yd-TRENDPA-MTVIEW
3yd-RAYACPA-264,3yd-TRENDPA-REICHART
3yd-RAYACPA-265,3yd-TRENDPA-RMGTTY
3yd-RAYACPA-266,3yd-TRENDPA-QUASER
3yd-RAYACPA-258,3yd-TRENDPA-MYERSR
3yd-RAYACPA-249,3yd-TRENDPA-BELLRE
3yd-RAYACPA-267,3yd-TRENDPA-SER1STBR3
3yd-RAYACPA-302,3yd-TRENDPA-TARGETBR3
3yd-RAYACPA-288,3yd-TRENDPA-SCHILDT
3yd-RAYACPA-303,3yd-TRENDPA-AMEAGLE
3yd-RAYACPA-272,3yd-TRENDPA-ROGERSBR3
3yd-RAYACPA-306,3yd-TRENDPA-SPEAPR
3yd-RAYACPA-289,3yd-TRENDPA-ETRENT
3yd-RAYACPA-275,3yd-TRENDPA-SHEAFAP
3yd-RAYACPA-307,3yd-TRENDPA-YRKFEDBR3
3yd-RAYACPA-308,3yd-TRENDPA-PRUYOST2BR3
3yd-RAYACPA-309,3yd-TRENDPA-PRUYOSTBR3
3yd-RAYACPA-311,3yd-TRENDPA-RLAUER
3yd-RAYACPA-296,3yd-TRENDPA-FORRES
3yd-RAYACPA-318,3yd-TRENDPA-CAUCHON
3yd-RAYACPA-386,3yd-TRENDPA-GAUGHN05BR3
3yd-RAYACPA-355,3yd-TRENDPA-LENDER33BR3
3yd-RAYACPA-394,3yd-TRENDPA-SVHAPP
3yd-RAYACPA-401,3yd-TRENDPA-TRGTPM
3yd-RAYACPA-376,3yd-TRENDPA-GAUGHN03BR3
3yd-RAYACPA-397,3yd-TRENDPA-MYRIADBR3
3yd-RAYACPA-403,3yd-TRENDPA-WORLDMBR3
3yd-RAYACPA-378,3yd-TRENDPA-PRUYOST5BR3
3yd-RAYACPA-406,3yd-TRENDPA-PROCON
3yd-RAYACPA-449,3yd-TRENDPA-RDAVISBR3
3yd-RAYACPA-437,3yd-TRENDPA-LAWSONBR3
3yd-RAYACPA-443,3yd-TRENDPA-RESBRK02BR3
3yd-RAYACPA-472,3yd-TRENDPA-PETKUSBR3
3yd-RAYACPA-477,3yd-TRENDPA-HOUSEBR
3yd-RAYACPA-490,3yd-TRENDPA-RMPTROT
3yd-RAYACPA-494,3yd-TRENDPA-ACCLERBR3
3yd-RAYACPA-529,3yd-TRENDPA-EYERAP
3yd-RAYACPA-536,3yd-TRENDPA-ASSISTBR3
3yd-RAYACPA-527,3yd-TRENDPA-OAKTRE
3yd-RAYACPA-538,3yd-TRENDPA-CTRYHO02
3yd-RAYACPA-1122,3yd-TRENDPA-LNGFST04BR3
3yd-RAYACPA-1124,3yd-TRENDPA-LNGFST05BR3
3yd-RAYACPA-1127,3yd-TRENDPA-RAYAC2
3yd-RAYACPA-1149,3yd-TRENDPA-FLYNNABR3
3yd-RAYACPA-1166,3yd-TRENDPA-RILEYA
3yd-RAYACPA-1174,3yd-TRENDPA-MILLERREBR3
3yd-RAYACPA-1177,3yd-TRENDPA-COMMUNBR3
3yd-RAYACPA-1204,3yd-TRENDPA-ROTZCRBR3
3yd-RAYACPA-1222,3yd-TRENDPA-HLBAPP
3yd-RAYACPA-1214,3yd-TRENDPA-LNGFST07BR3
3yd-RAYACPA-1215,3yd-TRENDPA-PREMAPBR3
3yd-RAYACPA-1283,3yd-TRENDPA-SOMGMT
3yd-RAYACPA-1264,3yd-TRENDPA-LNGFST10
3yd-RAYACPA-1303,3yd-TRENDPA-HERTZOG
3yd-RAYACPA-1306,3yd-TRENDPA-ACNB
3yd-RAYACPA-1309,3yd-TRENDPA-NEWBGNBR3
3yd-RAYACPA-1269,3yd-TRENDPA-CAVLRYBR3
3yd-RAYACPA-1310,3yd-TRENDPA-GAAPPRBR3
3yd-RAYACPA-1294,3yd-TRENDPA-ALPHAAP
3yd-RAYACPA-1298,3yd-TRENDPA-360REA
3yd-RAYACPA-1343,3yd-TRENDPA-KLRWMS
3yd-RAYACPA-1347,3yd-TRENDPA-SELPRO
3yd-RAYACPA-1379,3yd-TRENDPA-THMAPPBR3
3yd-RAYACPA-1397,3yd-TRENDPA-ADAMCO
3yd-RAYACPA-1412,3yd-TRENDPA-ROWEREBR3
3yd-RAYACPA-1401,3yd-TRENDPA-AMRDRMBR3
3yd-RAYACPA-1447,3yd-TRENDPA-PRUYOST6BR3
3yd-RAYACPA-1448,3yd-TRENDPA-PRUYOST7BR3
3yd-RAYACPA-1413,3yd-TRENDPA-YWGCRE
3yd-RAYACPA-1464,3yd-TRENDPA-HALEAPBR3
3yd-RAYACPA-1417,3yd-TRENDPA-SELPRO01BR3
3yd-RAYACPA-1465,3yd-TRENDPA-SUMMITBR3
3yd-RAYACPA-1418,3yd-TRENDPA-YWGCRE01BR3
3yd-RAYACPA-1475,3yd-TRENDPA-STILES
3yd-RAYACPA-1530,3yd-TRENDPA-RSPMGTBR3
3yd-RAYACPA-1486,3yd-TRENDPA-RILEYA01
3yd-RAYACPA-1536,3yd-TRENDPA-121830
3yd-RAYACPA-1555,3yd-TRENDPA-ELITEPM
3yd-RAYACPA-1499,3yd-TRENDPA-SHERMN
3yd-RAYACPA-1537,3yd-TRENDPA-121840
3yd-RAYACPA-1606,3yd-TRENDPA-ESTATELYBR3
3yd-RAYACPA-1540,3yd-TRENDPA-RILEYA02
3yd-RAYACPA-1541,3yd-TRENDPA-STRSAP
3yd-RAYACPA-1579,3yd-TRENDPA-FOOTEREBR3
3yd-RAYACPA-1609,3yd-TRENDPA-MCANDM
3yd-RAYACPA-1518,3yd-TRENDPA-PRUYOST8BR3
3yd-RAYACPA-1584,3yd-TRENDPA-TRICORNERBR3
3yd-RAYACPA-1548,3yd-TRENDPA-CHADVT
3yd-RAYACPA-1585,3yd-TRENDPA-HULSONBR3
3yd-RAYACPA-1523,3yd-TRENDPA-JAGUAR
3yd-RAYACPA-1612,3yd-TRENDPA-GREENCITY
3yd-RAYACPA-1594,3yd-TRENDPA-PMGAPP
3yd-RAYACPA-1666,3yd-TRENDPA-FOUND
3yd-RAYACPA-1643,3yd-TRENDPA-MARLIN
3yd-RAYACPA-1622,3yd-TRENDPA-SAMMON
3yd-RAYACPA-1623,3yd-TRENDPA-BROKERSBR3
3yd-RAYACPA-1648,3yd-TRENDPA-YORKHG
3yd-RAYACPA-1652,3yd-TRENDPA-SAUNDERS
3yd-RAYACPA-1656,3yd-TRENDPA-EXITSSBR3
3yd-RAYACPA-1631,3yd-TRENDPA-KWGBURG
3yd-RAYACPA-1638,3yd-TRENDPA-BARTONBR3
3yd-RAYACPA-1661,3yd-TRENDPA-EXECHHBR3
3yd-RAYACPA-1663,3yd-TRENDPA-YTPROP
3yd-RAYACPA-126,3yd-TRENDPA-CAREWR
3yd-RAYACPA-1428,3yd-TRENDPA-WICKWIRE
3yd-RAYACPA-1651,3yd-TRENDPA-SLATE238BR3
3yd-RAYACPA-1655,3yd-TRENDPA-LIFECH
3yd-RAYACPA-277,3yd-TRENDPA-MJHAPPBR3
3yd-RAYACPA-1351,3yd-TRENDPA-SHLAPP
3yd-RAYACPA-1649,3yd-TRENDPA-KLWMS221
